{
  "run": "train_regressor_minilm_guestfeat_v1",
  "csv": "data/processed/training-data_v4.3_with-pseudo.csv",
  "model_name": "sentence-transformers/all-MiniLM-L6-v2",
  "alpha": 1.0,
  "dim": 384,
  "device": "mps",
  "cv": {
    "folds": 5,
    "seed": 42,
    "r2_mean": 0.7665661149927356,
    "r2_std": 0.05392180314816211,
    "spearman_mean": 0.8961056585936005,
    "spearman_std": 0.02610425565254682,
    "ndcg_at_5_mean": 0.9907418906364848,
    "ndcg_at_5_std": 0.008633282135906924,
    "map_at_5_mean": 1.0,
    "map_at_5_std": 0.0,
    "recall_at_5_mean": 0.2316017316017316,
    "recall_at_5_std": 0.0053019258501800365
  },
  "artifacts": {
    "regressor": "ridge_regressor_ranking_v1.pkl"
  }
}